{
	"credit": "Made with Blockbench",
	"parent": "minecraft:block/block",
	"textures": {
		"1": "skyblock:item/meshes/string_mesh",
		"particle": "#texture"
	},
	"elements": [
		{
			"from": [0, 11, 0],
			"to": [15, 16, 1],
			"faces": {
				"north": {"uv": [1, 0, 16, 5], "texture": "#texture"},
				"east": {"uv": [15, 0, 16, 5], "texture": "#texture"},
				"south": {"uv": [0, 0, 15, 5], "texture": "#texture"},
				"west": {"uv": [0, 0, 1, 5], "texture": "#texture"},
				"up": {"uv": [0, 0, 15, 1], "texture": "#texture"},
				"down": {"uv": [0, 15, 15, 16], "texture": "#texture"}
			}
		},
		{
			"from": [15, 11, 0],
			"to": [16, 16, 15],
			"faces": {
				"north": {"uv": [0, 0, 1, 5], "texture": "#texture"},
				"east": {"uv": [1, 0, 16, 5], "texture": "#texture"},
				"south": {"uv": [15, 0, 16, 5], "texture": "#texture"},
				"west": {"uv": [0, 0, 15, 5], "texture": "#texture"},
				"up": {"uv": [15, 0, 16, 15], "texture": "#texture"},
				"down": {"uv": [15, 1, 16, 16], "texture": "#texture"}
			}
		},
		{
			"from": [1, 11, 15],
			"to": [16, 16, 16],
			"faces": {
				"north": {"uv": [0, 0, 15, 5], "texture": "#texture"},
				"east": {"uv": [0, 0, 1, 5], "texture": "#texture"},
				"south": {"uv": [1, 0, 16, 5], "texture": "#texture"},
				"west": {"uv": [15, 0, 16, 5], "texture": "#texture"},
				"up": {"uv": [1, 15, 16, 16], "texture": "#texture"},
				"down": {"uv": [1, 0, 16, 1], "texture": "#texture"}
			}
		},
		{
			"from": [0, 11, 1],
			"to": [1, 16, 16],
			"faces": {
				"north": {"uv": [15, 0, 16, 5], "texture": "#texture"},
				"east": {"uv": [0, 0, 15, 5], "texture": "#texture"},
				"south": {"uv": [0, 0, 1, 5], "texture": "#texture"},
				"west": {"uv": [1, 0, 16, 5], "texture": "#texture"},
				"up": {"uv": [0, 1, 1, 16], "texture": "#texture"},
				"down": {"uv": [0, 0, 1, 15], "texture": "#texture"}
			}
		},
		{
			"from": [1, 0, 1],
			"to": [2, 16, 2],
			"faces": {
				"north": {"uv": [14, 0, 15, 16], "texture": "#texture"},
				"east": {"uv": [14, 0, 15, 16], "texture": "#texture"},
				"south": {"uv": [1, 0, 2, 16], "texture": "#texture"},
				"west": {"uv": [1, 0, 2, 16], "texture": "#texture"},
				"up": {"uv": [1, 1, 2, 2], "texture": "#texture"},
				"down": {"uv": [1, 14, 2, 15], "texture": "#texture"}
			}
		},
		{
			"from": [1, 0, 14],
			"to": [2, 16, 15],
			"faces": {
				"north": {"uv": [14, 0, 15, 16], "texture": "#texture"},
				"east": {"uv": [1, 0, 2, 16], "texture": "#texture"},
				"south": {"uv": [1, 0, 2, 16], "texture": "#texture"},
				"west": {"uv": [14, 0, 15, 16], "texture": "#texture"},
				"up": {"uv": [1, 14, 2, 15], "texture": "#texture"},
				"down": {"uv": [1, 1, 2, 2], "texture": "#texture"}
			}
		},
		{
			"from": [14, 0, 1],
			"to": [15, 16, 2],
			"faces": {
				"north": {"uv": [1, 0, 2, 16], "texture": "#texture"},
				"east": {"uv": [14, 0, 15, 16], "texture": "#texture"},
				"south": {"uv": [14, 0, 15, 16], "texture": "#texture"},
				"west": {"uv": [1, 0, 2, 16], "texture": "#texture"},
				"up": {"uv": [14, 1, 15, 2], "texture": "#texture"},
				"down": {"uv": [14, 14, 15, 15], "texture": "#texture"}
			}
		},
		{
			"from": [14, 0, 14],
			"to": [15, 16, 15],
			"faces": {
				"north": {"uv": [1, 0, 2, 16], "texture": "#texture"},
				"east": {"uv": [1, 0, 2, 16], "texture": "#texture"},
				"south": {"uv": [14, 0, 15, 16], "texture": "#texture"},
				"west": {"uv": [14, 0, 15, 16], "texture": "#texture"},
				"up": {"uv": [14, 14, 15, 15], "texture": "#texture"},
				"down": {"uv": [14, 1, 15, 2], "texture": "#texture"}
			}
		},
		{
			"from": [1, 12, 1],
			"to": [15, 12, 15],
			"rotation": {"angle": 0, "axis": "y", "origin": [6, 12, 1]},
			"faces": {
				"up": {"uv": [0, 0, 16, 16], "texture": "#1"},
				"down": {"uv": [0, 0, 16, 16], "texture": "#1"}
			}
		}
	],
	"name": "blockSieve"
}