{
    "parent": "minecraft:item/generated",
    "textures": {
        "layer0": "minecraft:item/armadillo_scute"
    },
    "overrides": [
        {
            "predicate": {
                "custom_model_data": 1
            },
            "model": "skyblock:item/silkworm"
        },
        {
            "predicate": {
                "custom_model_data": 2
            },
            "model": "skyblock:item/scraper"
        },
        {
            "predicate": {
                "custom_model_data": 3
            },
            "model": "skyblock:item/string_mesh"
        }
    ]
}
